chart_id,model,question,explanation,spec
2. calculate the average
3. find the lowest three values
4. calculate the average
5. double the lowest average
Find the three medians.
2. Calculate the average of the revenue for those regions.
Sort the values in descending order.
Find the top 3 years with the highest difference.
2. Determine total satisfied percentage for 2014 (.13+.43)
3. Determine disatissfied (.8+_.32)
2. Compare the revenue of Thailand and the Philippines
2. Find the value of the US in 2020.
2. Determine the second largest value after the largest value between 2000 and 2009
3. Determine the smallest value between 2000 and 2009 
Divide the added value by two.
Find the value for 2010.
Find the difference between the two values.
Finds the average of all values for the entire year.
Find the highest value.
Sort the percentage values that answered Yes for each year in descending order.
Find the third-highest value.
2. Calculate the average of Satisfied.
3. Calculate the difference between the two values.
4. Calculate the difference for each year. (PairDiffOp)
2. disengaged = red plus blue= 15%+58% = 73%
- Find both the differences between women and men in the filtered data.
Average the “Gasoline or diesel (ICE)” values across all the other countries. 
2. calculate the average
3. find the lowest three values
4. calculate the average
5. double the lowest average
Find the three medians.
2. Calculate the average of the revenue for those regions.
Sort the values in descending order.
Find the top 3 years with the highest difference.
2. Determine total satisfied percentage for 2014 (.13+.43)
3. Determine disatissfied (.8+_.32)
2. Calculate the amount of diet types in 2018 and 2019.
2. sum ""almost of all of the time"" and ""most of the time"" of black
2. Compare the revenue of Thailand and the Philippines
2. Find the value of the US in 2020.
2. Determine the second largest value after the largest value between 2000 and 2009
3. Determine the smallest value between 2000 and 2009 
Divide the added value by two.
Find the value for 2010.
Find the difference between the two values.
Finds the average of all values for the entire year.
Find the highest value.
Sort the percentage values that answered Yes for each year in descending order.
Find the third-highest value.
2. Calculate the average of Satisfied.
3. Calculate the difference between the two values.
4. Calculate the difference for each year. (PairDiffOp)
2. disengaged = red plus blue= 15%+58% = 73%
- Find both the differences between women and men in the filtered data.
0k7bm9iqewnrzj47,gpt-5.4,Is the average of the top three greater than twice the average of the lowest three?,"1. find the top three values
2. calculate the average
3. find the lowest three values
4. calculate the average
5. double the lowest average
6. compare the two values to find which one is bigger","{""$schema"":""https://vega.github.io/schema/vega-lite/v3.0.0-rc4.json"",""data"":{""url"":""ChartQA/data/csv/bar/simple/0k7bm9iqewnrzj47.csv""},""description"":""Simple Bar chart for 0k7bm9iqewnrzj47.csv"",""encoding"":{""x"":{""field"":""Year"",""type"":""nominal""},""y"":{""field"":""Production in million liters"",""type"":""quantitative""}},""mark"":""bar""}","{""ops"":[{""field"":""Year"",""id"":""n1"",""include"":[""2018"",""2019"",""2020""],""meta"":{""inputs"":[],""nodeId"":""n1"",""sentenceIndex"":1,""source"":""recursive_step=1;taskId=o1"",""view"":{""parallelGroup"":""p1"",""phase"":1}},""op"":""filter""}],""ops2"":[{""field"":""Production in million liters"",""id"":""n2"",""meta"":{""inputs"":[""n1""],""nodeId"":""n2"",""sentenceIndex"":2,""source"":""recursive_step=2;taskId=o2"",""view"":{""parallelGroup"":""p2"",""phase"":2}},""op"":""average""}],""ops3"":[{""field"":""Year"",""id"":""n3"",""include"":[""1995"",""2000"",""2005""],""meta"":{""inputs"":[],""nodeId"":""n3"",""sentenceIndex"":3,""source"":""recursive_step=3;taskId=o3"",""view"":{""parallelGroup"":""p1"",""phase"":1}},""op"":""filter""}],""ops4"":[{""field"":""Production in million liters"",""id"":""n4"",""meta"":{""inputs"":[""n3""],""nodeId"":""n4"",""sentenceIndex"":4,""source"":""recursive_step=4;taskId=o4"",""view"":{""parallelGroup"":""p2"",""phase"":2}},""op"":""average""}],""ops5"":[{""factor"":2.0,""id"":""n5"",""meta"":{""inputs"":[""n4""],""nodeId"":""n5"",""sentenceIndex"":5,""source"":""recursive_step=5;taskId=o5"",""view"":{""phase"":3}},""op"":""scale"",""target"":""ref:n4""}],""ops6"":[{""id"":""n6"",""meta"":{""inputs"":[""n2"",""n5""],""nodeId"":""n6"",""sentenceIndex"":6,""source"":""recursive_step=6;taskId=o6"",""view"":{""phase"":4}},""op"":""compareBool"",""operator"":"">"",""targetA"":""ref:n2"",""targetB"":""ref:n5""}],""text_chunks"":{""ops"":""1. find the top three values"",""ops2"":""2. calculate the average"",""ops3"":""3. find the lowest three values"",""ops4"":""4. calculate the average"",""ops5"":""5. double the lowest average"",""ops6"":""6. compare the two values to find which one is bigger""}}"
0ijwrg723j4v8s3e,gpt-5.4,What percentage of the polulation in the Northern Hemisphere is accounted for Asia?,"Filter the continents located in the Northern Hemisphere.
Divide Asia's population by the sum of population of those continents.","{""$schema"":""https://vega.github.io/schema/vega-lite/v3.0.0-rc4.json"",""data"":{""url"":""ChartQA/data/csv/bar/simple/0ijwrg723j4v8s3e.csv""},""encoding"":{""x"":{""field"":""Continent"",""type"":""nominal""},""y"":{""field"":""Share of the global population (%)"",""type"":""quantitative""}},""mark"":""bar""}","{""ops"":[{""field"":""Continent"",""id"":""n1"",""include"":[""Asia"",""Europe"",""Nothern America""],""meta"":{""inputs"":[],""nodeId"":""n1"",""sentenceIndex"":1,""source"":""recursive_step=1;taskId=o1"",""view"":{""phase"":1}},""op"":""filter""}],""ops2"":[{""field"":""Share of the global population (%)"",""id"":""n2"",""meta"":{""inputs"":[""n1""],""nodeId"":""n2"",""sentenceIndex"":2,""source"":""recursive_step=2;taskId=o2"",""view"":{""parallelGroup"":""p2"",""phase"":2}},""op"":""retrieveValue"",""target"":""Asia""},{""field"":""Share of the global population (%)"",""id"":""n3"",""meta"":{""inputs"":[""n1""],""nodeId"":""n3"",""sentenceIndex"":2,""source"":""recursive_step=3;taskId=o3"",""view"":{""parallelGroup"":""p2"",""phase"":2}},""op"":""sum""},{""field"":""Share of the global population (%)"",""id"":""n4"",""meta"":{""inputs"":[""n2"",""n3""],""nodeId"":""n4"",""sentenceIndex"":2,""source"":""recursive_step=4;taskId=o4"",""view"":{""phase"":3}},""mode"":""ratio"",""op"":""diff"",""scale"":100.0,""signed"":false,""targetA"":""ref:n2"",""targetB"":""ref:n3""}],""text_chunks"":{""ops"":""Filter the continents located in the Northern Hemisphere."",""ops2"":""Divide Asia's population by the sum of population of those continents.""}}"
0cad2xfrwdgvo9zk,gpt-5.4,What is the sum of the three median values for each year?,"List the values ​​for each year in descending order.
Find the three medians.
Add those values.","{""$schema"":""https://vega.github.io/schema/vega-lite/v3.0.0-rc4.json"",""data"":{""url"":""ChartQA/data/csv/bar/simple/0cad2xfrwdgvo9zk.csv""},""description"":""Simple Bar chart for 0cad2xfrwdgvo9zk.csv"",""encoding"":{""x"":{""field"":""Year"",""type"":""nominal""},""y"":{""field"":""Number of fatalities"",""type"":""quantitative""}},""mark"":""bar""}","{""ops"":[{""field"":""Number of fatalities"",""id"":""n1"",""meta"":{""inputs"":[],""nodeId"":""n1"",""sentenceIndex"":1,""source"":""recursive_step=1;taskId=o1"",""view"":{""phase"":1}},""op"":""sort"",""order"":""desc""}],""ops2"":[{""field"":""Year"",""id"":""n2"",""include"":[""2010"",""2014"",""2015""],""meta"":{""inputs"":[""n1""],""nodeId"":""n2"",""sentenceIndex"":2,""source"":""recursive_step=2;taskId=o2"",""view"":{""phase"":2}},""op"":""filter""}],""ops3"":[{""field"":""Number of fatalities"",""id"":""n3"",""meta"":{""inputs"":[""n2""],""nodeId"":""n3"",""sentenceIndex"":3,""source"":""recursive_step=3;taskId=o3"",""view"":{""phase"":3}},""op"":""sum""}],""text_chunks"":{""ops"":""List the values for each year in descending order."",""ops2"":""Find the three medians."",""ops3"":""Add those values.""}}"
1hlsoeyqlr1r1n41,gpt-5.4,How many regions have the smaller revenue than the average of revenue across regions except for the one with the highest revenue?,"1. Filter out the region which has the highest revenue.
2. Calculate the average of the revenue for those regions.
3. Count the regions which have a smaller revenue than the average.","{""$schema"":""https://vega.github.io/schema/vega-lite/v3.0.0-rc4.json"",""data"":{""url"":""ChartQA/data/csv/bar/simple/1hlsoeyqlr1r1n41.csv""},""description"":""Simple Bar chart for 1hlsoeyqlr1r1n41.csv"",""encoding"":{""x"":{""field"":""Region"",""type"":""nominal""},""y"":{""field"":""Revenue in million US dollars"",""type"":""quantitative""}},""mark"":""bar""}","{""ops"":[{""exclude"":[""United States""],""field"":""Region"",""id"":""n1"",""meta"":{""inputs"":[],""nodeId"":""n1"",""sentenceIndex"":1,""source"":""recursive_step=1;taskId=o1"",""view"":{""phase"":1}},""op"":""filter""}],""ops2"":[{""field"":""Revenue in million US dollars"",""id"":""n2"",""meta"":{""inputs"":[""n1""],""nodeId"":""n2"",""sentenceIndex"":2,""source"":""recursive_step=2;taskId=o2"",""view"":{""phase"":2}},""op"":""average""}],""ops3"":[{""field"":""Revenue in million US dollars"",""id"":""n3"",""meta"":{""inputs"":[""n1"",""n2""],""nodeId"":""n3"",""sentenceIndex"":3,""source"":""recursive_step=3;taskId=o3"",""view"":{""phase"":3}},""op"":""filter"",""operator"":""<"",""value"":""ref:n2""},{""id"":""n4"",""meta"":{""inputs"":[""n3""],""nodeId"":""n4"",""sentenceIndex"":3,""source"":""recursive_step=4;taskId=o4"",""view"":{""phase"":4}},""op"":""count""}],""text_chunks"":{""ops"":""1. Filter out the region which has the highest revenue."",""ops2"":""2. Calculate the average of the revenue for those regions."",""ops3"":""3. Count the regions which have a smaller revenue than the average.""}}"
1lf1h5jf9ymeid5q,gpt-5.4,Count the number of year that consists more than 3 million shipments increase compared to last year.,"1. Find all of the number of difference between 'this year' and 'last year' (from 2001 to 2017)
2. Count that has the difference more than 3 million.","{""$schema"":""https://vega.github.io/schema/vega-lite/v3.0.0-rc4.json"",""data"":{""url"":""ChartQA/data/csv/bar/simple/1lf1h5jf9ymeid5q.csv""},""description"":""Simple Bar chart for 1lf1h5jf9ymeid5q.csv"",""encoding"":{""x"":{""field"":""Year"",""type"":""nominal""},""y"":{""field"":""Unit shipments in millions"",""type"":""quantitative""}},""mark"":""bar""}","{""ops"":[{""field"":""Unit shipments in millions"",""id"":""n1"",""meta"":{""inputs"":[],""nodeId"":""n1"",""sentenceIndex"":1,""source"":""recursive_step=1;taskId=o1"",""view"":{""phase"":1}},""op"":""lagDiff"",""order"":""asc""}],""ops2"":[{""field"":""Unit shipments in millions"",""id"":""n2"",""meta"":{""inputs"":[""n1""],""nodeId"":""n2"",""sentenceIndex"":2,""source"":""recursive_step=2;taskId=o2"",""view"":{""phase"":2}},""op"":""filter"",""operator"":"">"",""value"":3},{""field"":""Unit shipments in millions"",""id"":""n3"",""meta"":{""inputs"":[""n2""],""nodeId"":""n3"",""sentenceIndex"":2,""source"":""recursive_step=3;taskId=o3"",""view"":{""phase"":3}},""op"":""count""}],""text_chunks"":{""ops"":""1. Find all of the number of difference between 'this year' and 'last year' (from 2001 to 2017)"",""ops2"":""2. Count that has the difference more than 3 million.""}}"
0bgcjlbz7nv5vnjc,gpt-5.4,What is the average value of the difference between the three years with the largest difference between age groups?,"Find the difference in values for each year.
Sort the values in descending order.
Find the top 3 years with the highest difference.
Divide the values by three.","{""$schema"":""https://vega.github.io/schema/vega-lite/v3.json"",""config"":{""axis"":{""domainWidth"":1},""view"":{""stroke"":""transparent""}},""data"":{""url"":""ChartQA/data/csv/bar/grouped/0bgcjlbz7nv5vnjc.csv""},""description"":""Grouped bar chart for 0bgcjlbz7nv5vnjc.csv"",""encoding"":{""color"":{""field"":""AgeGroup"",""legend"":{""labelFontSize"":16,""title"":""Age Group"",""titleFontSize"":18},""type"":""nominal""},""column"":{""field"":""Period"",""header"":{""labelFontSize"":16,""labelOrient"":""bottom"",""labelPadding"":10,""title"":""Period"",""titleFontSize"":20,""titleOrient"":""top""},""type"":""ordinal""},""x"":{""axis"":{""labelAlign"":""right"",""labelAngle"":-45,""labelBaseline"":""middle"",""labelFontSize"":16,""labelPadding"":5,""title"":""""},""field"":""AgeGroup"",""type"":""nominal""},""y"":{""axis"":{""grid"":false,""labelFontSize"":16,""title"":""Share (%)"",""titleFontSize"":20,""titlePadding"":10},""field"":""SharePercentage"",""type"":""quantitative""}},""mark"":""bar"",""title"":{""anchor"":""middle"",""fontSize"":26,""text"":""Obesity Share by Age Group Across Periods""}}","{""ops"":[{""absolute"":true,""by"":""Period"",""field"":""SharePercentage"",""groupA"":""5–10 years"",""groupB"":""11–15 years"",""id"":""n1"",""meta"":{""inputs"":[],""nodeId"":""n1"",""sentenceIndex"":1,""source"":""recursive_step=1;taskId=o1"",""view"":{""phase"":1}},""op"":""pairDiff"",""seriesField"":""AgeGroup"",""signed"":true}],""ops2"":[{""field"":""SharePercentage"",""id"":""n2"",""meta"":{""inputs"":[""n1""],""nodeId"":""n2"",""sentenceIndex"":2,""source"":""recursive_step=2;taskId=o2"",""view"":{""phase"":2}},""op"":""sort"",""order"":""desc""}],""ops3"":[{""field"":""Period"",""id"":""n3"",""include"":[""2011/12"",""2016/17"",""2017/18""],""meta"":{""inputs"":[""n2""],""nodeId"":""n3"",""sentenceIndex"":3,""source"":""recursive_step=3;taskId=o3"",""view"":{""phase"":3}},""op"":""filter""}],""ops4"":[{""factor"":0.3333333333333333,""id"":""n4"",""meta"":{""inputs"":[""n3""],""nodeId"":""n4"",""sentenceIndex"":4,""source"":""recursive_step=4;taskId=o4"",""view"":{""phase"":4}},""op"":""scale"",""target"":""ref:n3""}],""text_chunks"":{""ops"":""Find the difference in values for each year."",""ops2"":""Sort the values in descending order."",""ops3"":""Find the top 3 years with the highest difference."",""ops4"":""Divide the values by three.""}}"
0ihx2vzdsej883sq,gpt-5.4,What is the Male value in the category with the second-lowest Female share of employees?,"1. Check the second-lowest Female value.
2. Check the Male value in that Category.","{""$schema"":""https://vega.github.io/schema/vega-lite/v3.json"",""config"":{""axis"":{""domainWidth"":1},""view"":{""stroke"":""transparent""}},""data"":{""url"":""ChartQA/data/csv/bar/grouped/0ihx2vzdsej883sq.csv""},""description"":""Grouped bar chart for 0ihx2vzdsej883sq.csv"",""encoding"":{""color"":{""field"":""Gender"",""type"":""nominal""},""column"":{""field"":""Category"",""header"":{},""type"":""ordinal""},""x"":{""axis"":{""title"":""""},""field"":""Gender"",""type"":""nominal""},""y"":{""axis"":{""grid"":false},""field"":""Share of employees"",""type"":""quantitative""}},""mark"":""bar""}","{""ops"":[{""field"":""Share of employees"",""group"":""Female"",""id"":""n1"",""meta"":{""inputs"":[],""nodeId"":""n1"",""sentenceIndex"":1,""source"":""recursive_step=1;taskId=o1"",""view"":{""phase"":1}},""op"":""findExtremum"",""rank"":2,""which"":""min""}],""ops2"":[{""field"":""Category"",""group"":""Male"",""id"":""n2"",""meta"":{""inputs"":[""n1""],""nodeId"":""n2"",""sentenceIndex"":2,""source"":""recursive_step=2;taskId=o2"",""view"":{""phase"":2}},""op"":""retrieveValue"",""target"":""ref:n1""}],""text_chunks"":{""ops"":""1. Check the second-lowest Female value."",""ops2"":""2. Check the Male value in that Category.""}}"
221xoyhy3yziwabm,gpt-5.4,"In 2014, were more respondents satisfied (very satisfied+ satisfied) or disatified (very dissatisfied+ dissatisfied)?","1. Focus on blue bars only 
2. Determine total satisfied percentage for 2014 (.13+.43)
3. Determine disatissfied (.8+_.32)
4. Compare satisfied and disatisfied find disatisfied is slightly smaller percentage","{""$schema"":""https://vega.github.io/schema/vega-lite/v3.json"",""config"":{""axis"":{""domainWidth"":1},""view"":{""stroke"":""transparent""}},""data"":{""url"":""ChartQA/data/csv/bar/grouped/221xoyhy3yziwabm.csv""},""description"":""Grouped bar chart for 221xoyhy3yziwabm.csv"",""encoding"":{""color"":{""field"":""Year"",""type"":""nominal""},""column"":{""field"":""Satisfaction_Level"",""header"":{},""type"":""ordinal""},""x"":{""axis"":{""title"":""""},""field"":""Year"",""type"":""nominal""},""y"":{""axis"":{""grid"":false},""field"":""Share_of_Respondents"",""type"":""quantitative""}},""mark"":""bar""}","{""ops2"":[{""field"":""Satisfaction_Level"",""id"":""n1"",""include"":[""Somewhat satisfied"",""Very satisfied""],""meta"":{""inputs"":[],""nodeId"":""n1"",""sentenceIndex"":2,""source"":""recursive_step=1;taskId=o1"",""view"":{""parallelGroup"":""p1"",""phase"":1}},""op"":""filter""},{""field"":""Share_of_Respondents"",""group"":""2014"",""id"":""n2"",""meta"":{""inputs"":[""n1""],""nodeId"":""n2"",""sentenceIndex"":2,""source"":""recursive_step=2;taskId=o2"",""view"":{""parallelGroup"":""p2"",""phase"":2}},""op"":""sum""}],""ops3"":[{""field"":""Satisfaction_Level"",""id"":""n3"",""include"":[""Somewhat dissatisfied"",""Very dissatisfied""],""meta"":{""inputs"":[],""nodeId"":""n3"",""sentenceIndex"":3,""source"":""recursive_step=3;taskId=o3"",""view"":{""parallelGroup"":""p1"",""phase"":1}},""op"":""filter""},{""field"":""Share_of_Respondents"",""group"":""2014"",""id"":""n4"",""meta"":{""inputs"":[""n3""],""nodeId"":""n4"",""sentenceIndex"":3,""source"":""recursive_step=4;taskId=o4"",""view"":{""parallelGroup"":""p2"",""phase"":2}},""op"":""sum""}],""ops4"":[{""field"":""Share_of_Respondents"",""id"":""n5"",""meta"":{""inputs"":[""n2"",""n4""],""nodeId"":""n5"",""sentenceIndex"":4,""source"":""recursive_step=5;taskId=o5"",""view"":{""phase"":3}},""op"":""compareBool"",""operator"":"">"",""targetA"":""ref:n2"",""targetB"":""ref:n4""}],""text_chunks"":{""ops2"":""Determine total satisfied percentage for 2014"",""ops3"":""Determine disatissfied"",""ops4"":""Compare satisfied and disatisfied find disatisfied is slightly smaller percentage""}}"
c3mncg8r4g6bjoon,gpt-5.4,Is Germany has higher share of respondents in Gasoline or diesel compared to the average of rest of the countries?,"1. Calculate the average of the share of respondents in Gasoline or diesel of other countries.
2. Compare the average value acquired from the previous step and the value of Germany in Gasoline and diesel.","{""$schema"":""https://vega.github.io/schema/vega-lite/v3.0.0-rc4.json"",""data"":{""url"":""ChartQA/data/csv/bar/stacked/c3mncg8r4g6bjoon.csv""},""description"":""Stacked Bar chart for c3mncg8r4g6bjoon.csv"",""encoding"":{""color"":{""field"":""Car Type"",""type"":""nominal""},""x"":{""field"":""Country"",""type"":""nominal""},""y"":{""field"":""Share of respondents"",""type"":""quantitative""}},""mark"":""bar""}","{""ops"":[{""exclude"":[""Germany""],""field"":""Country"",""group"":""Gasoline or diesel (ICE)"",""id"":""n1"",""meta"":{""inputs"":[],""nodeId"":""n1"",""sentenceIndex"":1,""source"":""recursive_step=1;taskId=o1"",""view"":{""phase"":1}},""op"":""filter""},{""field"":""Share of respondents"",""id"":""n2"",""meta"":{""inputs"":[""n1""],""nodeId"":""n2"",""sentenceIndex"":1,""source"":""recursive_step=2;taskId=o2"",""view"":{""phase"":2}},""op"":""average""}],""ops2"":[{""field"":""Share of respondents"",""id"":""n3"",""meta"":{""inputs"":[""n2""],""nodeId"":""n3"",""sentenceIndex"":2,""source"":""recursive_step=3;taskId=o3"",""view"":{""phase"":3}},""op"":""compareBool"",""operator"":"">"",""targetA"":""59"",""targetB"":""ref:n2""}],""text_chunks"":{""ops"":""Calculate the average of the share of respondents in Gasoline or diesel of other countries."",""ops2"":""Compare the average value acquired from the previous step and the value of Germany in Gasoline and diesel.""}}"
0vfqjaxeiv96ww7g,gpt-5.4,What is the difference between white and black who answer more than most of all time?,"1. sum ""almost of all of the time"" and ""most of the time"" of white
2. sum ""almost of all of the time"" and ""most of the time"" of black
3. calcuate the difference","{""$schema"":""https://vega.github.io/schema/vega-lite/v3.0.0-rc4.json"",""data"":{""url"":""ChartQA/data/csv/bar/stacked/0vfqjaxeiv96ww7g.csv""},""description"":""Stacked Bar chart for 0vfqjaxeiv96ww7g.csv"",""encoding"":{""color"":{""field"":""Discussion Frequency"",""type"":""nominal""},""x"":{""field"":""Race"",""type"":""nominal""},""y"":{""field"":""Percentage"",""type"":""quantitative""}},""mark"":""bar""}","{""ops"":[{""field"":""Race"",""id"":""n1"",""include"":[""White""],""meta"":{""inputs"":[],""nodeId"":""n1"",""sentenceIndex"":1,""source"":""recursive_step=1;taskId=o1"",""view"":{""parallelGroup"":""p1"",""phase"":1}},""op"":""filter""},{""field"":""Percentage"",""group"":[""Almost all of the time"",""Most of the time""],""id"":""n2"",""meta"":{""inputs"":[""n1""],""nodeId"":""n2"",""sentenceIndex"":1,""source"":""recursive_step=2;taskId=o3"",""view"":{""parallelGroup"":""p2"",""phase"":2}},""op"":""sum""}],""ops2"":[{""field"":""Race"",""id"":""n3"",""include"":[""Black""],""meta"":{""inputs"":[],""nodeId"":""n3"",""sentenceIndex"":2,""source"":""recursive_step=3;taskId=o4"",""view"":{""parallelGroup"":""p1"",""phase"":1}},""op"":""filter""},{""field"":""Percentage"",""group"":[""Almost all of the time"",""Most of the time""],""id"":""n4"",""meta"":{""inputs"":[""n3""],""nodeId"":""n4"",""sentenceIndex"":2,""source"":""recursive_step=4;taskId=o6"",""view"":{""parallelGroup"":""p2"",""phase"":2}},""op"":""sum""}],""ops3"":[{""field"":""Percentage"",""id"":""n5"",""meta"":{""inputs"":[""n2"",""n4""],""nodeId"":""n5"",""sentenceIndex"":3,""source"":""recursive_step=5;taskId=o7"",""view"":{""phase"":3}},""op"":""diff"",""signed"":true,""targetA"":""ref:n2"",""targetB"":""ref:n4""}],""text_chunks"":{""ops"":""1. sum \""almost of all of the time\"" and \""most of the time\"" of white"",""ops2"":""2. sum \""almost of all of the time\"" and \""most of the time\"" of black"",""ops3"":""3. calcuate the difference""}}"
0gzowodb2py0d1s9,gpt-5.4,How many years did Thailand's revenue exceed that of the Philippines'?,"1. Filter for the revenue of Thailand and the Philippines
2. Compare the revenue of Thailand and the Philippines
3. count the years for which Thailand's revenue was higher.","{""$schema"":""https://vega.github.io/schema/vega-lite/v3.0.0-rc4.json"",""data"":{""url"":""ChartQA/data/csv/bar/stacked/0gzowodb2py0d1s9.csv""},""description"":""Stacked Bar chart for 0gzowodb2py0d1s9.csv"",""encoding"":{""color"":{""field"":""Country_Region"",""type"":""nominal""},""x"":{""field"":""Year"",""type"":""nominal""},""y"":{""field"":""Revenue_Million_USD"",""type"":""quantitative""}},""mark"":""bar""}","{""ops2"":[{""absolute"":false,""by"":""Year"",""field"":""Revenue_Million_USD"",""groupA"":""Thailand"",""groupB"":""Philippines"",""id"":""n1"",""meta"":{""inputs"":[],""nodeId"":""n1"",""sentenceIndex"":2,""source"":""recursive_step=1;taskId=o1"",""view"":{""phase"":1}},""op"":""pairDiff"",""seriesField"":""Country_Region"",""signed"":true}],""ops3"":[{""field"":""Revenue_Million_USD"",""id"":""n2"",""meta"":{""inputs"":[""n1""],""nodeId"":""n2"",""sentenceIndex"":3,""source"":""recursive_step=2;taskId=o2"",""view"":{""phase"":2}},""op"":""filter"",""operator"":"">"",""value"":0},{""field"":""Revenue_Million_USD"",""id"":""n3"",""meta"":{""inputs"":[""n2""],""nodeId"":""n3"",""sentenceIndex"":3,""source"":""recursive_step=3;taskId=o3"",""view"":{""phase"":3}},""op"":""count""}],""text_chunks"":{""ops2"":""2. Compare the revenue of Thailand and the Philippines"",""ops3"":""3. count the years for which Thailand's revenue was higher.""}}"
1xz4egh52kvh2xwx,gpt-5.4,Is the sum of the orange and red values ​​from 2017 to 2020 greater than the US value in 2020?,"1. Sum all of the orange and red bars from 2017 to 2020.
2. Find the value of the US in 2020.
3. Determine which one is bigger.","{""$schema"":""https://vega.github.io/schema/vega-lite/v3.0.0-rc4.json"",""data"":{""url"":""ChartQA/data/csv/bar/stacked/1xz4egh52kvh2xwx.csv""},""description"":""Stacked Bar chart for 1xz4egh52kvh2xwx.csv"",""encoding"":{""color"":{""field"":""Region"",""type"":""nominal""},""x"":{""field"":""Year"",""type"":""nominal""},""y"":{""field"":""Total_Revenue_Million_USD"",""type"":""quantitative""}},""mark"":""bar""}","{""ops"":[{""field"":""Year"",""id"":""n1"",""meta"":{""inputs"":[],""nodeId"":""n1"",""sentenceIndex"":1,""source"":""recursive_step=1;taskId=o1"",""view"":{""parallelGroup"":""p1"",""phase"":1}},""op"":""filter"",""operator"":""between"",""value"":[""2017"",""2020""],""xKindHint"":""temporal""},{""field"":""Total_Revenue_Million_USD"",""id"":""n2"",""meta"":{""inputs"":[""n1""],""nodeId"":""n2"",""sentenceIndex"":1,""source"":""recursive_step=2;taskId=o2"",""view"":{""phase"":2}},""op"":""sum""}],""ops2"":[{""field"":""Year"",""group"":""US"",""id"":""n3"",""meta"":{""inputs"":[],""nodeId"":""n3"",""sentenceIndex"":2,""source"":""recursive_step=3;taskId=o3"",""view"":{""parallelGroup"":""p1"",""phase"":1}},""op"":""retrieveValue"",""target"":""2020""}],""ops3"":[{""field"":""Total_Revenue_Million_USD"",""id"":""n4"",""meta"":{""inputs"":[""n2"",""n3""],""nodeId"":""n4"",""sentenceIndex"":3,""source"":""recursive_step=4;taskId=o4"",""view"":{""phase"":3}},""op"":""compareBool"",""operator"":"">"",""targetA"":""ref:n2"",""targetB"":""ref:n3""}],""text_chunks"":{""ops"":""1. Sum all of the orange and red bars from 2017 to 2020."",""ops2"":""2. Find the value of the US in 2020."",""ops3"":""3. Determine which one is bigger.""}}"
1jabqwjz9pmd7qwz,gpt-5.4,What was the median number of facilities between the years 2010 and 2019?,"1. Filter for the years 2010 to 2019
2. Calculate the median number","{""$schema"":""https://vega.github.io/schema/vega-lite/v5.json"",""config"":{""axis"":{""domainWidth"":1},""view"":{""stroke"":""transparent""}},""data"":{""url"":""ChartQA/data/csv/line/simple/1jabqwjz9pmd7qwz.csv""},""description"":""Simple line chart for 1jabqwjz9pmd7qwz.csv"",""height"":400,""layer"":[{""encoding"":{""x"":{""axis"":{""labelAngle"":0,""labelFontSize"":11,""labelPadding"":5,""title"":""Year"",""titleFontSize"":13,""titlePadding"":10},""field"":""Year"",""type"":""ordinal""},""y"":{""axis"":{""labelFontSize"":11,""labelPadding"":5,""title"":""Number of facilities"",""titleFontSize"":13,""titlePadding"":10},""field"":""Number of facilities"",""type"":""quantitative""}},""mark"":{""point"":false,""tooltip"":true,""type"":""line""}},{""encoding"":{""tooltip"":[{""field"":""Year"",""title"":""Year"",""type"":""ordinal""},{""field"":""Number of facilities"",""title"":""Number of facilities"",""type"":""quantitative""}],""x"":{""field"":""Year"",""type"":""ordinal""},""y"":{""field"":""Number of facilities"",""type"":""quantitative""}},""mark"":{""filled"":true,""size"":80,""tooltip"":true,""type"":""point""}}],""width"":600}","{""ops"":[{""field"":""Year"",""id"":""n1"",""meta"":{""inputs"":[],""nodeId"":""n1"",""sentenceIndex"":1,""source"":""recursive_step=1;taskId=o1"",""view"":{""phase"":1}},""op"":""filter"",""operator"":""between"",""value"":[""2010"",""2019""],""xKindHint"":""ordinal""}],""text_chunks"":{""ops"":""1. Filter for the years 2010 to 2019""}}"
10gtgmmgh599jnr7,gpt-5.4,What is the difference between the second largest and the smallest values between 2000 and 2008?,"1. Check the largest value between 2000 and 2009
2. Determine the second largest value after the largest value between 2000 and 2009
3. Determine the smallest value between 2000 and 2009 
4. Subtract small value from large value","{""$schema"":""https://vega.github.io/schema/vega-lite/v5.json"",""config"":{""axis"":{""domainWidth"":1},""view"":{""stroke"":""transparent""}},""data"":{""url"":""ChartQA/data/csv/line/simple/10gtgmmgh599jnr7.csv""},""description"":""Simple line chart for 10gtgmmgh599jnr7.csv"",""height"":400,""layer"":[{""encoding"":{""x"":{""axis"":{""labelAngle"":0,""labelFontSize"":11,""labelPadding"":5,""title"":""Year"",""titleFontSize"":13,""titlePadding"":10},""field"":""Year"",""type"":""ordinal""},""y"":{""axis"":{""labelFontSize"":11,""labelPadding"":5,""title"":""Percentage_of_Population"",""titleFontSize"":13,""titlePadding"":10},""field"":""Percentage_of_Population"",""type"":""quantitative""}},""mark"":{""point"":false,""tooltip"":true,""type"":""line""}},{""encoding"":{""tooltip"":[{""field"":""Year"",""title"":""Year"",""type"":""ordinal""},{""field"":""Percentage_of_Population"",""title"":""Percentage_of_Population"",""type"":""quantitative""}],""x"":{""field"":""Year"",""type"":""ordinal""},""y"":{""field"":""Percentage_of_Population"",""type"":""quantitative""}},""mark"":{""filled"":true,""size"":80,""tooltip"":true,""type"":""point""}}],""width"":600}","{""ops"":[{""field"":""Year"",""id"":""n1"",""meta"":{""inputs"":[],""nodeId"":""n1"",""sentenceIndex"":1,""source"":""recursive_step=1;taskId=o1"",""view"":{""parallelGroup"":""p1"",""phase"":1}},""op"":""filter"",""operator"":""between"",""value"":[""2000"",""2009""],""xKindHint"":""ordinal""},{""field"":""Percentage_of_Population"",""id"":""n2"",""meta"":{""inputs"":[""n1""],""nodeId"":""n2"",""sentenceIndex"":1,""source"":""recursive_step=2;taskId=o2"",""view"":{""parallelGroup"":""p2"",""phase"":2}},""op"":""findExtremum"",""which"":""max""}],""ops2"":[{""field"":""Year"",""id"":""n3"",""meta"":{""inputs"":[],""nodeId"":""n3"",""sentenceIndex"":2,""source"":""recursive_step=3;taskId=o3"",""view"":{""parallelGroup"":""p1"",""phase"":1}},""op"":""filter"",""operator"":""between"",""value"":[""2000"",""2009""],""xKindHint"":""ordinal""},{""field"":""Percentage_of_Population"",""id"":""n4"",""meta"":{""inputs"":[""n3""],""nodeId"":""n4"",""sentenceIndex"":2,""source"":""recursive_step=4;taskId=o4"",""view"":{""parallelGroup"":""p2"",""phase"":2}},""op"":""findExtremum"",""rank"":2,""which"":""max""}],""ops3"":[{""field"":""Year"",""id"":""n5"",""meta"":{""inputs"":[],""nodeId"":""n5"",""sentenceIndex"":3,""source"":""recursive_step=5;taskId=o5"",""view"":{""parallelGroup"":""p1"",""phase"":1}},""op"":""filter"",""operator"":""between"",""value"":[""2000"",""2009""],""xKindHint"":""ordinal""},{""field"":""Percentage_of_Population"",""id"":""n6"",""meta"":{""inputs"":[""n5""],""nodeId"":""n6"",""sentenceIndex"":3,""source"":""recursive_step=6;taskId=o6"",""view"":{""parallelGroup"":""p2"",""phase"":2}},""op"":""findExtremum"",""which"":""min""}],""ops4"":[{""field"":""Percentage_of_Population"",""id"":""n7"",""meta"":{""inputs"":[""n4"",""n6""],""nodeId"":""n7"",""sentenceIndex"":4,""source"":""recursive_step=7;taskId=o7"",""view"":{""phase"":3}},""op"":""diff"",""signed"":false,""targetA"":""ref:n4"",""targetB"":""ref:n6""}],""text_chunks"":{""ops"":""1. Check the largest value between 2000 and 2009"",""ops2"":""2. Determine the second largest value after the largest value between 2000 and 2009"",""ops3"":""3. Determine the smallest value between 2000 and 2009"",""ops4"":""4. Subtract small value from large value""}}"
95yhyqjyeu4fohbj,gpt-5.4,Is the average of the minimum and maximum values greater compared to the value in 2010?,"Add the minimum and maximum values.
Divide the added value by two.
Find the value for 2010.
Compare the value in 2010 with the average value added.","{""$schema"":""https://vega.github.io/schema/vega-lite/v5.json"",""config"":{""axis"":{""domainWidth"":1},""view"":{""stroke"":""transparent""}},""data"":{""url"":""ChartQA/data/csv/line/simple/95yhyqjyeu4fohbj.csv""},""description"":""Simple line chart for 95yhyqjyeu4fohbj.csv"",""height"":400,""layer"":[{""encoding"":{""x"":{""axis"":{""labelAngle"":0,""labelFontSize"":11,""labelPadding"":5,""title"":""Year"",""titleFontSize"":13,""titlePadding"":10},""field"":""Year"",""type"":""ordinal""},""y"":{""axis"":{""labelFontSize"":11,""labelPadding"":5,""title"":""Number of people in millions"",""titleFontSize"":13,""titlePadding"":10},""field"":""Number of people in millions"",""type"":""quantitative""}},""mark"":{""point"":false,""tooltip"":true,""type"":""line""}},{""encoding"":{""tooltip"":[{""field"":""Year"",""title"":""Year"",""type"":""ordinal""},{""field"":""Number of people in millions"",""title"":""Number of people in millions"",""type"":""quantitative""}],""x"":{""field"":""Year"",""type"":""ordinal""},""y"":{""field"":""Number of people in millions"",""type"":""quantitative""}},""mark"":{""filled"":true,""size"":80,""tooltip"":true,""type"":""point""}}],""width"":600}","{""ops"":[{""field"":""Number of people in millions"",""id"":""n1"",""meta"":{""inputs"":[],""nodeId"":""n1"",""sentenceIndex"":1,""source"":""recursive_step=1;taskId=o1"",""view"":{""parallelGroup"":""p1"",""phase"":1}},""op"":""findExtremum"",""which"":""min""},{""field"":""Number of people in millions"",""id"":""n2"",""meta"":{""inputs"":[],""nodeId"":""n2"",""sentenceIndex"":1,""source"":""recursive_step=2;taskId=o2"",""view"":{""parallelGroup"":""p1"",""phase"":1}},""op"":""findExtremum"",""which"":""max""},{""field"":""Number of people in millions"",""id"":""n3"",""meta"":{""inputs"":[""n1"",""n2""],""nodeId"":""n3"",""sentenceIndex"":1,""source"":""recursive_step=3;taskId=o3"",""view"":{""phase"":2}},""op"":""add"",""targetA"":""ref:n1"",""targetB"":""ref:n2""}],""ops2"":[{""factor"":0.5,""id"":""n4"",""meta"":{""inputs"":[""n3""],""nodeId"":""n4"",""sentenceIndex"":2,""source"":""recursive_step=4;taskId=o4"",""view"":{""phase"":3}},""op"":""scale"",""target"":""ref:n3""}],""ops3"":[{""field"":""Number of people in millions"",""id"":""n5"",""meta"":{""inputs"":[],""nodeId"":""n5"",""sentenceIndex"":3,""source"":""recursive_step=5;taskId=o5"",""view"":{""parallelGroup"":""p1"",""phase"":1}},""op"":""retrieveValue"",""target"":""2010""}],""ops4"":[{""field"":""Number of people in millions"",""id"":""n6"",""meta"":{""inputs"":[""n4"",""n5""],""nodeId"":""n6"",""sentenceIndex"":4,""source"":""recursive_step=6;taskId=o6"",""view"":{""phase"":4}},""op"":""compareBool"",""operator"":"">"",""targetA"":""ref:n5"",""targetB"":""ref:n4""}],""text_chunks"":{""ops"":""Add the minimum and maximum values."",""ops2"":""Divide the added value by two."",""ops3"":""Find the value for 2010."",""ops4"":""Compare the value in 2010 with the average value added.""}}"
0cymcilknp8krjwz,gpt-5.4,What is the difference between the sum of the values above 4.0 and the sum of the values below 2.5?,"Find the line of 4.0.
Add the values of the dots above 4.0.
Find the line of 2.5.
Add the values of the dots below 2.5.
Find the difference between the two values.","{""$schema"":""https://vega.github.io/schema/vega-lite/v5.json"",""config"":{""axis"":{""domainWidth"":1},""view"":{""stroke"":""transparent""}},""data"":{""url"":""ChartQA/data/csv/line/simple/0cymcilknp8krjwz.csv""},""description"":""Simple line chart for 0cymcilknp8krjwz.csv"",""height"":400,""layer"":[{""encoding"":{""x"":{""axis"":{""labelAngle"":0,""labelFontSize"":16,""labelPadding"":5,""title"":""Year"",""titleFontSize"":20,""titlePadding"":10},""field"":""Year"",""type"":""ordinal""},""y"":{""axis"":{""labelFontSize"":16,""labelPadding"":5,""title"":""Average Price (USD)"",""titleFontSize"":20,""titlePadding"":10},""field"":""Average price in US dollars"",""type"":""quantitative""}},""mark"":{""point"":false,""tooltip"":true,""type"":""line""}},{""encoding"":{""tooltip"":[{""field"":""Year"",""title"":""Year"",""type"":""ordinal""},{""field"":""Average price in US dollars"",""title"":""Price (USD)"",""type"":""quantitative""}],""x"":{""field"":""Year"",""type"":""ordinal""},""y"":{""field"":""Average price in US dollars"",""type"":""quantitative""}},""mark"":{""filled"":true,""size"":150,""tooltip"":true,""type"":""point""}}],""title"":{""anchor"":""middle"",""fontSize"":26,""text"":""Average Price Trend (2010-2021)""},""width"":600}","{""ops"":[{""field"":""Average price in US dollars"",""id"":""n1"",""meta"":{""inputs"":[],""nodeId"":""n1"",""sentenceIndex"":1,""source"":""recursive_step=1;taskId=o1"",""view"":{""parallelGroup"":""p1"",""phase"":1}},""op"":""filter"",""operator"":"">"",""value"":""4.0""}],""ops2"":[{""id"":""n2"",""meta"":{""inputs"":[""n1""],""nodeId"":""n2"",""sentenceIndex"":2,""source"":""recursive_step=2;taskId=o2"",""view"":{""parallelGroup"":""p2"",""phase"":2}},""op"":""add"",""targetA"":4.84,""targetB"":4.64}],""ops3"":[{""field"":""Average price in US dollars"",""id"":""n3"",""meta"":{""inputs"":[],""nodeId"":""n3"",""sentenceIndex"":3,""source"":""recursive_step=3;taskId=o3"",""view"":{""parallelGroup"":""p1"",""phase"":1}},""op"":""filter"",""operator"":""<"",""value"":2.5}],""ops4"":[{""id"":""n4"",""meta"":{""inputs"":[""n3""],""nodeId"":""n4"",""sentenceIndex"":4,""source"":""recursive_step=4;taskId=o4"",""view"":{""parallelGroup"":""p2"",""phase"":2}},""op"":""add"",""targetA"":1.84,""targetB"":4.39}],""ops5"":[{""field"":""Average price in US dollars"",""id"":""n5"",""meta"":{""inputs"":[""n2"",""n4""],""nodeId"":""n5"",""sentenceIndex"":5,""source"":""recursive_step=5;taskId=o5"",""view"":{""phase"":3}},""op"":""diff"",""signed"":false,""targetA"":""ref:n2"",""targetB"":""ref:n4""}],""text_chunks"":{""ops"":""Add the values of the dots above 4.0."",""ops2"":""Add the values of the dots above 4.0."",""ops3"":""Add the values of the dots below 2.5."",""ops4"":""Add the values of the dots below 2.5."",""ops5"":""Find the difference between the two values.""}}"
7extlfw651gqc5fk,gpt-5.4,Is the difference between the maximum value of having a large role and the minimum value of having a small role in the entire year equal to the average value of all values in the entire year?,"Find the maximum value of the role being large and the minimum value of the role being small in the entire year.
Find the difference between the two values.
Finds the average of all values for the entire year.
Compare the difference and the mean value.","{""$schema"":""https://vega.github.io/schema/vega-lite/v5.json"",""config"":{""axis"":{""domainWidth"":1},""view"":{""stroke"":""transparent""}},""data"":{""url"":""ChartQA/data/csv/line/multiple/7extlfw651gqc5fk.csv""},""description"":""Multiple line chart for 7extlfw651gqc5fk.csv"",""height"":400,""layer"":[{""encoding"":{""color"":{""field"":""Role"",""legend"":{""labelFontSize"":11,""title"":""Role"",""titleFontSize"":12},""type"":""nominal""},""x"":{""axis"":{""labelAngle"":0,""labelFontSize"":11,""labelPadding"":5,""title"":""Year"",""titleFontSize"":13,""titlePadding"":10},""field"":""Year"",""type"":""ordinal""},""y"":{""axis"":{""labelFontSize"":11,""labelPadding"":5,""title"":""Percentage"",""titleFontSize"":13,""titlePadding"":10},""field"":""Percentage"",""type"":""quantitative""}},""mark"":{""point"":false,""tooltip"":true,""type"":""line""}},{""encoding"":{""color"":{""field"":""Role"",""type"":""nominal""},""tooltip"":[{""field"":""Year"",""title"":""Year"",""type"":""ordinal""},{""field"":""Role"",""title"":""Role"",""type"":""nominal""},{""field"":""Percentage"",""title"":""Percentage"",""type"":""quantitative""}],""x"":{""field"":""Year"",""type"":""ordinal""},""y"":{""field"":""Percentage"",""type"":""quantitative""}},""mark"":{""filled"":true,""size"":80,""tooltip"":true,""type"":""point""}}],""width"":600}","{""ops"":[{""field"":""Percentage"",""group"":""Large"",""id"":""n1"",""meta"":{""inputs"":[],""nodeId"":""n1"",""sentenceIndex"":1,""source"":""recursive_step=1;taskId=o1"",""view"":{""parallelGroup"":""p1"",""phase"":1}},""op"":""findExtremum"",""which"":""max""},{""field"":""Percentage"",""group"":""Small"",""id"":""n2"",""meta"":{""inputs"":[],""nodeId"":""n2"",""sentenceIndex"":1,""source"":""recursive_step=2;taskId=o2"",""view"":{""parallelGroup"":""p1"",""phase"":1}},""op"":""findExtremum"",""which"":""min""}],""ops2"":[{""field"":""Percentage"",""id"":""n3"",""meta"":{""inputs"":[""n1"",""n2""],""nodeId"":""n3"",""sentenceIndex"":2,""source"":""recursive_step=3;taskId=o3"",""view"":{""phase"":2}},""op"":""diff"",""signed"":true,""targetA"":""ref:n1"",""targetB"":""ref:n2""}],""ops3"":[{""field"":""Percentage"",""id"":""n4"",""meta"":{""inputs"":[],""nodeId"":""n4"",""sentenceIndex"":3,""source"":""recursive_step=4;taskId=o4"",""view"":{""parallelGroup"":""p1"",""phase"":1}},""op"":""average""}],""ops4"":[{""field"":""Percentage"",""id"":""n5"",""meta"":{""inputs"":[""n3"",""n4""],""nodeId"":""n5"",""sentenceIndex"":4,""source"":""recursive_step=5;taskId=o5"",""view"":{""phase"":3}},""op"":""compareBool"",""operator"":""=="",""targetA"":""ref:n3"",""targetB"":""ref:n4""}],""text_chunks"":{""ops"":""Find the maximum value of the role being large and the minimum value of the role being small in the entire year."",""ops2"":""Find the difference between the two values."",""ops3"":""Finds the average of all values for the entire year."",""ops4"":""Compare the difference and the mean value.""}}"
0b9o2vahkw2a1bxy,gpt-5.4,What is the difference between the value of the year with the highest percentage of no and the value of the year with the third highest percentage of yes?,"Sort the percentage values that answered no for each year in descending order.
Find the highest value.
Sort the percentage values that answered Yes for each year in descending order.
Find the third-highest value.
Find the difference between the two values obtained.","{""$schema"":""https://vega.github.io/schema/vega-lite/v5.json"",""config"":{""axis"":{""domainWidth"":1},""view"":{""stroke"":""transparent""}},""data"":{""url"":""ChartQA/data/csv/line/multiple/0b9o2vahkw2a1bxy.csv""},""description"":""Multiple line chart for 0b9o2vahkw2a1bxy.csv"",""height"":400,""layer"":[{""encoding"":{""color"":{""field"":""Opinion"",""legend"":{""labelFontSize"":11,""title"":""Opinion"",""titleFontSize"":12},""type"":""nominal""},""x"":{""axis"":{""labelAngle"":0,""labelFontSize"":11,""labelPadding"":5,""title"":""Year"",""titleFontSize"":13,""titlePadding"":10},""field"":""Year"",""type"":""ordinal""},""y"":{""axis"":{""labelFontSize"":11,""labelPadding"":5,""title"":""Share of respondents"",""titleFontSize"":13,""titlePadding"":10},""field"":""Share of respondents"",""type"":""quantitative""}},""mark"":{""point"":false,""tooltip"":true,""type"":""line""}},{""encoding"":{""color"":{""field"":""Opinion"",""type"":""nominal""},""tooltip"":[{""field"":""Year"",""title"":""Year"",""type"":""ordinal""},{""field"":""Opinion"",""title"":""Opinion"",""type"":""nominal""},{""field"":""Share of respondents"",""title"":""Share of respondents"",""type"":""quantitative""}],""x"":{""field"":""Year"",""type"":""ordinal""},""y"":{""field"":""Share of respondents"",""type"":""quantitative""}},""mark"":{""filled"":true,""size"":80,""tooltip"":true,""type"":""point""}}],""width"":600}","{""ops"":[{""field"":""Share of respondents"",""group"":""No"",""id"":""n1"",""meta"":{""inputs"":[],""nodeId"":""n1"",""sentenceIndex"":1,""source"":""recursive_step=1;taskId=o1"",""view"":{""parallelGroup"":""p1"",""phase"":1}},""op"":""sort"",""order"":""desc""}],""ops2"":[{""field"":""Share of respondents"",""id"":""n2"",""meta"":{""inputs"":[""n1""],""nodeId"":""n2"",""sentenceIndex"":2,""source"":""recursive_step=2;taskId=o2"",""view"":{""parallelGroup"":""p2"",""phase"":2}},""op"":""findExtremum"",""which"":""max""}],""ops3"":[{""field"":""Share of respondents"",""group"":""Yes"",""id"":""n3"",""meta"":{""inputs"":[],""nodeId"":""n3"",""sentenceIndex"":3,""source"":""recursive_step=3;taskId=o3"",""view"":{""parallelGroup"":""p1"",""phase"":1}},""op"":""sort"",""order"":""desc""}],""ops4"":[{""field"":""Share of respondents"",""group"":""Yes"",""id"":""n4"",""meta"":{""inputs"":[""n3""],""nodeId"":""n4"",""sentenceIndex"":4,""source"":""recursive_step=4;taskId=o4"",""view"":{""parallelGroup"":""p2"",""phase"":2}},""op"":""findExtremum"",""rank"":3,""which"":""max""}],""ops5"":[{""field"":""Share of respondents"",""id"":""n5"",""meta"":{""inputs"":[""n2"",""n4""],""nodeId"":""n5"",""sentenceIndex"":5,""source"":""recursive_step=5;taskId=o5"",""view"":{""phase"":3}},""op"":""diff"",""signed"":true,""targetA"":""ref:n2"",""targetB"":""ref:n4""}],""text_chunks"":{""ops"":""Sort the percentage values that answered no for each year in descending order."",""ops2"":""Find the highest value."",""ops3"":""Sort the percentage values that answered Yes for each year in descending order."",""ops4"":""Find the third-highest value."",""ops5"":""Find the difference between the two values obtained.""}}"
3z678inbp0t89ahu,gpt-5.4,In how many years was the difference between Disatisfied and Satisfied less than the difference between their means?,"1. Calculate the average of Dissatisfied.
2. Calculate the average of Satisfied.
3. Calculate the difference between the two values.
4. Calculate the difference for each year. (PairDiffOp)
5. Count all years that have a lower difference than the difference between the averages.","{""$schema"":""https://vega.github.io/schema/vega-lite/v5.json"",""config"":{""axis"":{""domainWidth"":1},""view"":{""stroke"":""transparent""}},""data"":{""url"":""ChartQA/data/csv/line/multiple/3z678inbp0t89ahu.csv""},""description"":""Multiple line chart for 3z678inbp0t89ahu.csv"",""height"":400,""layer"":[{""encoding"":{""color"":{""field"":""Opinion"",""legend"":{""labelFontSize"":11,""title"":""Opinion"",""titleFontSize"":12},""type"":""nominal""},""x"":{""axis"":{""labelAngle"":0,""labelFontSize"":11,""labelPadding"":5,""title"":""Year"",""titleFontSize"":13,""titlePadding"":10},""field"":""Year"",""type"":""ordinal""},""y"":{""axis"":{""labelFontSize"":11,""labelPadding"":5,""title"":""Percentage_of_Respondents"",""titleFontSize"":13,""titlePadding"":10},""field"":""Percentage_of_Respondents"",""type"":""quantitative""}},""mark"":{""point"":false,""tooltip"":true,""type"":""line""}},{""encoding"":{""color"":{""field"":""Opinion"",""type"":""nominal""},""tooltip"":[{""field"":""Year"",""title"":""Year"",""type"":""ordinal""},{""field"":""Opinion"",""title"":""Opinion"",""type"":""nominal""},{""field"":""Percentage_of_Respondents"",""title"":""Percentage_of_Respondents"",""type"":""quantitative""}],""x"":{""field"":""Year"",""type"":""ordinal""},""y"":{""field"":""Percentage_of_Respondents"",""type"":""quantitative""}},""mark"":{""filled"":true,""size"":80,""tooltip"":true,""type"":""point""}}],""width"":600}","{""ops"":[{""field"":""Percentage_of_Respondents"",""group"":""Dissatisfied"",""id"":""n1"",""meta"":{""inputs"":[],""nodeId"":""n1"",""sentenceIndex"":1,""source"":""recursive_step=1;taskId=o1"",""view"":{""parallelGroup"":""p1"",""phase"":1}},""op"":""average""}],""ops2"":[{""field"":""Percentage_of_Respondents"",""group"":""Satisfied"",""id"":""n2"",""meta"":{""inputs"":[],""nodeId"":""n2"",""sentenceIndex"":2,""source"":""recursive_step=2;taskId=o2"",""view"":{""parallelGroup"":""p1"",""phase"":1}},""op"":""average""}],""ops3"":[{""field"":""Percentage_of_Respondents"",""id"":""n3"",""meta"":{""inputs"":[""n1"",""n2""],""nodeId"":""n3"",""sentenceIndex"":3,""source"":""recursive_step=3;taskId=o3"",""view"":{""phase"":2}},""op"":""diff"",""signed"":false,""targetA"":""ref:n1"",""targetB"":""ref:n2""}],""ops4"":[{""absolute"":false,""by"":""Year"",""field"":""Percentage_of_Respondents"",""groupA"":""Dissatisfied"",""groupB"":""Satisfied"",""id"":""n4"",""meta"":{""inputs"":[],""nodeId"":""n4"",""sentenceIndex"":4,""source"":""recursive_step=4;taskId=o4"",""view"":{""parallelGroup"":""p1"",""phase"":1}},""op"":""pairDiff"",""seriesField"":""Opinion"",""signed"":true}],""ops5"":[{""field"":""Percentage_of_Respondents"",""id"":""n5"",""meta"":{""inputs"":[""n3"",""n4""],""nodeId"":""n5"",""sentenceIndex"":5,""source"":""recursive_step=5;taskId=o5"",""view"":{""phase"":3}},""op"":""filter"",""operator"":""<"",""value"":""ref:n3""},{""field"":""Percentage_of_Respondents"",""id"":""n6"",""meta"":{""inputs"":[""n5""],""nodeId"":""n6"",""sentenceIndex"":5,""source"":""recursive_step=6;taskId=o6"",""view"":{""phase"":4}},""op"":""count""}],""text_chunks"":{""ops"":""1. Calculate the average of Dissatisfied."",""ops2"":""2. Calculate the average of Satisfied."",""ops3"":""3. Calculate the difference between the two values."",""ops4"":""4. Calculate the difference for each year. (PairDiffOp)"",""ops5"":""5. Count all years that have a lower difference than the difference between the averages.""}}"
b1jrtiwi2x01zdtw,gpt-5.4,In 2005 what is the differnce between share of engaged and disengaged respondents?,"1. engaged respondent = orange =26%
2. disengaged = red plus blue= 15%+58% = 73%
3 find difference 73-26= 47%","{""$schema"":""https://vega.github.io/schema/vega-lite/v5.json"",""config"":{""axis"":{""domainWidth"":1},""view"":{""stroke"":""transparent""}},""data"":{""url"":""ChartQA/data/csv/line/multiple/b1jrtiwi2x01zdtw.csv""},""description"":""Multiple line chart for b1jrtiwi2x01zdtw.csv"",""height"":400,""layer"":[{""encoding"":{""color"":{""field"":""Engagement Status"",""legend"":{""labelFontSize"":11,""title"":""Engagement Status"",""titleFontSize"":12},""type"":""nominal""},""x"":{""axis"":{""labelAngle"":0,""labelFontSize"":11,""labelPadding"":5,""title"":""Year"",""titleFontSize"":13,""titlePadding"":10},""field"":""Year"",""type"":""ordinal""},""y"":{""axis"":{""labelFontSize"":11,""labelPadding"":5,""title"":""Share of respondents"",""titleFontSize"":13,""titlePadding"":10},""field"":""Share of respondents"",""type"":""quantitative""}},""mark"":{""point"":false,""tooltip"":true,""type"":""line""}},{""encoding"":{""color"":{""field"":""Engagement Status"",""type"":""nominal""},""tooltip"":[{""field"":""Year"",""title"":""Year"",""type"":""ordinal""},{""field"":""Engagement Status"",""title"":""Engagement Status"",""type"":""nominal""},{""field"":""Share of respondents"",""title"":""Share of respondents"",""type"":""quantitative""}],""x"":{""field"":""Year"",""type"":""ordinal""},""y"":{""field"":""Share of respondents"",""type"":""quantitative""}},""mark"":{""filled"":true,""size"":80,""tooltip"":true,""type"":""point""}}],""width"":600}","{""ops"":[{""field"":""Year"",""id"":""n1"",""include"":[""2005""],""meta"":{""inputs"":[],""nodeId"":""n1"",""sentenceIndex"":1,""source"":""recursive_step=1;taskId=o1"",""view"":{""phase"":1}},""op"":""filter""},{""field"":""Share of respondents"",""group"":""Engaged"",""id"":""n2"",""meta"":{""inputs"":[""n1""],""nodeId"":""n2"",""sentenceIndex"":1,""source"":""recursive_step=2;taskId=o2"",""view"":{""parallelGroup"":""p2"",""phase"":2}},""op"":""retrieveValue"",""target"":""2005""}],""ops2"":[{""field"":""Share of respondents"",""group"":""Actively disengaged"",""id"":""n3"",""meta"":{""inputs"":[""n1""],""nodeId"":""n3"",""sentenceIndex"":2,""source"":""recursive_step=3;taskId=o3"",""view"":{""parallelGroup"":""p2"",""phase"":2}},""op"":""retrieveValue"",""target"":""2005""},{""field"":""Share of respondents"",""group"":""Not engaged"",""id"":""n4"",""meta"":{""inputs"":[""n1""],""nodeId"":""n4"",""sentenceIndex"":2,""source"":""recursive_step=4;taskId=o4"",""view"":{""parallelGroup"":""p2"",""phase"":2}},""op"":""retrieveValue"",""target"":""2005""},{""field"":""Share of respondents"",""id"":""n5"",""meta"":{""inputs"":[""n3"",""n4""],""nodeId"":""n5"",""sentenceIndex"":2,""source"":""recursive_step=5;taskId=o5"",""view"":{""phase"":3}},""op"":""add"",""targetA"":""ref:n3"",""targetB"":""ref:n4""}],""ops3"":[{""field"":""Share of respondents"",""id"":""n6"",""meta"":{""inputs"":[""n2"",""n5""],""nodeId"":""n6"",""sentenceIndex"":3,""source"":""recursive_step=6;taskId=o6"",""view"":{""phase"":4}},""op"":""diff"",""signed"":true,""targetA"":""ref:n5"",""targetB"":""ref:n2""}],""text_chunks"":{""ops"":""1. engaged respondent = orange =26%"",""ops2"":""2. disengaged = red plus blue= 15%+58% = 73%"",""ops3"":""3 find difference 73-26= 47%""}}"
2s65jcap9pn289qx,gpt-5.4,What is the sum of the differences between women and men in the last five years?,"- Filter data from 2016 to 2020
- Find both the differences between women and men in the filtered data.
- Add all the values","{""$schema"":""https://vega.github.io/schema/vega-lite/v5.json"",""config"":{""axis"":{""domainWidth"":1},""view"":{""stroke"":""transparent""}},""data"":{""url"":""ChartQA/data/csv/line/multiple/2s65jcap9pn289qx.csv""},""description"":""Multiple line chart for 2s65jcap9pn289qx.csv"",""height"":400,""layer"":[{""encoding"":{""color"":{""field"":""Gender"",""legend"":{""labelFontSize"":11,""title"":""Gender"",""titleFontSize"":12},""type"":""nominal""},""x"":{""axis"":{""labelAngle"":0,""labelFontSize"":11,""labelPadding"":5,""title"":""Year"",""titleFontSize"":13,""titlePadding"":10},""field"":""Year"",""type"":""ordinal""},""y"":{""axis"":{""labelFontSize"":11,""labelPadding"":5,""title"":""Population_Million_Inhabitants"",""titleFontSize"":13,""titlePadding"":10},""field"":""Population_Million_Inhabitants"",""type"":""quantitative""}},""mark"":{""point"":false,""tooltip"":true,""type"":""line""}},{""encoding"":{""color"":{""field"":""Gender"",""type"":""nominal""},""tooltip"":[{""field"":""Year"",""title"":""Year"",""type"":""ordinal""},{""field"":""Gender"",""title"":""Gender"",""type"":""nominal""},{""field"":""Population_Million_Inhabitants"",""title"":""Population_Million_Inhabitants"",""type"":""quantitative""}],""x"":{""field"":""Year"",""type"":""ordinal""},""y"":{""field"":""Population_Million_Inhabitants"",""type"":""quantitative""}},""mark"":{""filled"":true,""size"":80,""tooltip"":true,""type"":""point""}}],""width"":600}","{""ops"":[{""field"":""Year"",""id"":""n1"",""meta"":{""inputs"":[],""nodeId"":""n1"",""sentenceIndex"":1,""source"":""recursive_step=1;taskId=o1"",""view"":{""phase"":1}},""op"":""filter"",""operator"":""between"",""value"":[""2016"",""2020""],""xKindHint"":""ordinal""}],""ops2"":[{""absolute"":false,""by"":""Year"",""field"":""Population_Million_Inhabitants"",""groupA"":""Female"",""groupB"":""Male"",""id"":""n2"",""meta"":{""inputs"":[""n1""],""nodeId"":""n2"",""sentenceIndex"":2,""source"":""recursive_step=2;taskId=o2"",""view"":{""phase"":2}},""op"":""pairDiff"",""seriesField"":""Gender"",""signed"":true}],""ops3"":[{""field"":""Population_Million_Inhabitants"",""id"":""n3"",""meta"":{""inputs"":[""n2""],""nodeId"":""n3"",""sentenceIndex"":3,""source"":""recursive_step=3;taskId=o3"",""view"":{""phase"":3}},""op"":""add"",""targetA"":""ref:n2"",""targetB"":0}],""text_chunks"":{""ops"":""Filter data from 2016 to 2020"",""ops2"":""Find both the differences between women and men in the filtered data."",""ops3"":""Add all the values""}}"
